,Production of crude steel,Production of primary steel,Production of recycled steel,Production of non metallic minerals,Production of cement,Production of glass,Production of ammonia,Production of high value chemicals , - Industrial production index of crude steel, - Industrial production index of primary steel, - Industrial production index of recycled steel,Industrial production index of non metallic minerals, - Industrial production index of cement, - Industrial production index of glass,Industrial production index of ammonia,Industrial production index of high value chemicals,Production of paper,Production of pulp,Industrial production index of paper and printing industry,Share of recycled plastics,Share of recycled steel,Share of recycled non-ferrous metals,Share of recycled glass,Share of recycled pulp,Unit consumption of steel industry, - Unit consumption of primary steel, - Unit consumption of recycled steel,Unit consumption of non metallic minerals, - Unit consumption of cement, - Unit consumption of glass industry,Unit consumption of ammonia,Unit consumption of high value chemicals,Unit consumption of pulp and paper,Total FEC of industry (excl. consumption of the energy sector),Total Final Energy Consumption of the steel industry,Total Final Energy Consumption of the primary steel industry,Total Final Energy Consumption of the recycled steel industry,Total Final energy consumption of the non metallic minerals industry,Total Final Energy Consumption of the cement industry,Total Final Energy Consumptionof the glass industry,Total Final Energy Consumption of the chemical industry,Total Final Energy Consumption of the ammonia industry,Total Final Energy Consumption of the high value chemicals industry,Total Final Energy Consumption of the other chemical industries,Total Final energy consumption of the non-ferrous metals industry,"Total Final Energy Consumption of the paper, pulp and printing industry","Total Final Energy Consumption of the Food, beverage and tobacco industry",Total Final Energy Consumption of other industries (miscellaneous industries),Total Final energy consumption from solid fossil fuels (coal ...) in industry,Total Final energy consumption from solid biomass in industry,Total Final oil consumption in industry,Total Final energy consumption from gas grid / gas consumed locally in industry,Total Final electricity consumption in industry,Total Final heat consumption in industry,Total Final hydrogen consumption in industry,Total Final non-renewable waste consumption in industry,Total Final energy consumption from ambient heat (heat pumps…) in industry,Total Final energy consumption from thermal solar in industry,Total non-energy consumption for the feedstock production (including chemicals and oxygen steel),Non-energy consumption of solid fossil fuels (coal...) for the feedstock production,Non-energy consumption of solid biomass for the feedstock production,Non-energy consumption of gas for the feedstock production,Non-energy consumption of oil for the feedstock production,Non-energy consumption of hydrogen for the feedstock production,GHG emissions from non-energy sources in industry,GHG emissions from non-energy sources in the steel industry,GHG emissions from non-energy sources in the non-metallic minerals industry,GHG emissions from non-energy sources in the cement industry,GHG emissions from non-energy sources in the chemicals industry,GHG emissions from non-energy sources in the non-ferrous metals industry,Ratio of reffinery oil consumption vs. total primary oil consumption,Ratio of reffinery gas consumption vs. total primary oil consumption,Final energy consumption from solid fossil fuels (coal...) in the Energy sector,Final energy consumption from solid biomass in the Energy sector,Final oil consumption in the Energy sector,Final energy consumption from gas in the Energy sector,Final electricity consumption in the Energy sector,Final heat consumption in the Energy sector,other_chemicals_total,Industrial production index of crude steel,Industrial production index of primary steel,Industrial production index of recycled steel,Industrial production index of cement,Industrial production index of glass,Unit consumption of primary steel,Unit consumption of recycled steel,Unit consumption of cement,Unit consumption of glass industry
FR,13977.0752,7528.3252,6448.75,0.0,13173.2262,3770.0814528,0.0,0.0,93.28,76.6241750636132,125.0,0.0,84.46,83.2,0.0,0.0,7448.8744,0.0,93.28,0.0,0.461380503984124,0.0,0.0,0.0,3246.32114670013,0.0,0.0,0.0,878.182647348849,0.0,0.0,0.0,3192.99138937762,0.0,45.3740747907779,0.0,0.0,0.0,11.5684986584412,0.0,67.46689,0.0,0.0,0.0,12.5295976,23.7841918197554,48.32710704,0.0,18.189032,19.1071440744542,18.438606,81.0694106211989,138.348498213321,10.93909,0.0,0.0,0.0,0.0,0.0,6.26169199561928,0.0,9.33291978333333,54.0859568166667,0.0,17.6848712931188,0.0,0.0,0.0,0.0,0.0,0.0495347721025339,0.0560476429359695,0.0,0.0,0.0,0.0,0.0,0.0,0.0,,,,,,,,,
DE,39808.1728,24030.6728,15777.5,0.0,26317.736,5353.8368,0.0,0.0,93.28,79.958317694816,125.0,0.0,84.46,83.2,0.0,0.0,21083.1456,0.0,93.28,0.0,0.396338211232845,0.0,0.0,0.0,3183.38575623651,0.0,0.0,0.0,794.034229653402,2202.74137748838,0.0,0.0,2963.84995330059,0.0,126.724770273322,0.0,0.0,0.0,20.8971832309816,15.2616201,145.7472595,0.0,0.0,0.0,25.6282144,62.4872801019896,49.11258656,0.0,64.947646,59.4418160173627,15.814222,171.206397876493,282.578394172437,28.24049,0.0,0.0,0.0,0.0,0.0,19.9875360752357,0.0,20.1617042308333,116.840719699167,0.0,38.4633181169015,0.0,0.0,0.0,0.0,0.0,0.0495347721025339,0.0560476429359695,0.0,0.0,0.0,0.0,0.0,0.0,0.0,,,,,,,,,
GB,10174.0496,7854.0496,2320.0,0.0,7799.881,0.0,0.0,0.0,93.28,86.7754900011049,125.0,0.0,84.46,0.0,0.0,0.0,3703.12272,0.0,93.28,0.0,0.228031127349723,0.0,0.0,0.0,3674.92974403888,0.0,0.0,0.0,1095.28387964266,0.0,0.0,0.0,4116.56181333913,0.0,37.3889174923668,0.0,0.0,0.0,8.5430839224311,4.2327566,32.9570325,0.0,0.0,0.0,6.864046,15.2441335792605,24.61961376,0.0,7.277028,14.703242278393,14.733624,67.8014873277128,119.828995147953,4.537282,0.0,0.0,0.0,0.0,0.0,6.53261359027328,0.0,4.5590561625,26.4205543875,0.0,14.1484060239708,0.0,0.0,0.0,0.0,0.0,0.0495347721025339,0.0560476429359695,0.0,0.0,0.0,0.0,0.0,0.0,0.0,,,,,,,,,
IT,20538.3904,4064.4644,16473.926,0.0,17589.1345292,6312.032896,0.0,0.0,93.28,84.8354080567731,95.6285249898415,0.0,84.46,83.2,0.0,0.0,8353.224,0.0,93.28,0.0,0.802104044141648,0.0,0.0,0.0,1973.47496153323,0.0,0.0,0.0,752.689561526831,0.0,0.0,0.0,2970.08223045784,0.0,40.5319992045945,0.0,0.0,0.0,13.23915795642,0.0,34.2597945,0.0,0.0,0.0,6.6520836,24.809762169434,26.7248924,0.0,9.596042,9.08680537720134,11.841628,70.5312248870644,139.099599066183,19.84383,0.0,0.0,0.0,0.0,0.0,3.38062231955117,0.0,4.7392715725,27.4649352575,0.0,16.0719441988964,0.0,0.0,0.0,0.0,0.0,0.0495347721025339,0.0560476429359695,0.0,0.0,0.0,0.0,0.0,0.0,0.0,,,,,,,,,
ES,13885.6608,3487.7898,10397.871,0.0,17229.93425736,3187.392,0.0,0.0,93.28,73.9116719242902,102.269399707174,0.0,84.46,83.2,0.0,0.0,5778.88256,0.0,93.28,0.0,0.748820754716981,0.0,0.0,0.0,1916.87332483783,0.0,0.0,0.0,905.005037122736,0.0,0.0,0.0,3017.31770454545,0.0,26.6170527852663,0.0,0.0,0.0,15.5931772922044,0.0,29.5900425,0.0,0.0,0.0,11.5897816,17.436724660777,22.38608144,0.0,5.741536,19.2629394398214,19.620878,57.0964491330319,85.9184382053944,0.0,0.0,0.0,0.0,0.0,0.0,2.90097264569051,0.0,4.0932892125,23.7213507375,0.0,11.5990522238349,0.0,0.0,0.0,0.0,0.0,0.0495347721025339,0.0560476429359695,0.0,0.0,0.0,0.0,0.0,0.0,0.0,,,,,,,,,
PL,8528.5904,3764.8404,4763.75,0.0,11881.8328,4.16,0.0,0.0,93.28,70.6084096024006,125.0,0.0,84.46,83.2,0.0,0.0,2901.008,0.0,93.28,0.0,0.558562409094005,0.0,0.0,0.0,2702.13491119916,0.0,0.0,0.0,942.680069007677,857586.5,0.0,0.0,5388.14173633441,0.0,23.045401863158,0.0,0.0,0.0,11.2007669638417,6.3018787,27.037771,0.0,0.0,0.0,4.5829312,15.63104228224,18.48321416,0.0,20.48526,25.9307392840903,6.107516,30.8652519085232,64.7414882766263,5.850518,0.0,0.0,0.0,0.0,0.0,3.13140975863583,0.0,3.74022498833333,21.6752797516667,0.0,9.51837956255304,0.0,0.0,0.0,0.0,0.0,0.0495347721025339,0.0560476429359695,0.0,0.0,0.0,0.0,0.0,0.0,0.0,,,,,,,,,
SE,4074.4704,2254.4704,1820.0,0.0,2332.7852,0.0,0.0,0.0,93.28,77.42,125.0,0.0,84.46,0.0,0.0,0.0,9206.736,0.0,93.28,0.0,0.446683819325329,0.0,0.0,0.0,3247.60370752636,0.0,0.0,0.0,892.31461339609,0.0,0.0,0.0,6844.17195542047,0.0,13.2322651772464,0.0,0.0,0.0,2.08157832387412,0.5124824,9.4656095,0.0,0.0,0.0,3.410726,63.01248433216,4.06057432,0.0,9.919276,64.4764951363728,6.16946,5.16535512027347,33.8970628966343,2.10047,0.0,0.0,0.0,0.0,0.0,1.87515800433815,0.0,1.30940931416667,7.58826361583333,0.0,7.52466957680316,0.0,0.0,0.0,0.0,0.0,0.0495347721025339,0.0560476429359695,0.0,0.0,0.0,0.0,0.0,0.0,0.0,,,,,,,,,
NL,6524.936,6391.186,133.75,0.0,1908.796,0.0,0.0,0.0,93.28,92.7872531939605,125.0,0.0,84.46,0.0,0.0,0.0,2465.3904,0.0,93.28,0.0,0.0204982853471666,0.0,0.0,0.0,4001.60358128734,0.0,0.0,0.0,877.766597205693,0.0,0.0,0.0,2612.00015134317,0.0,26.1102072652707,0.0,0.0,0.0,1.67547736967984,0.0,72.28557,0.0,0.0,0.0,2.8756904,6.43960009792,18.79345056,0.0,10.594802,2.2166973690548,20.33915,47.9251863628326,60.1919817268487,10.354914,0.0,0.0,0.0,0.0,0.0,5.31587533156963,0.0,9.99950385,57.94893195,0.0,9.37261630669499,0.0,0.0,0.0,0.0,0.0,0.0495347721025339,0.0560476429359695,0.0,0.0,0.0,0.0,0.0,0.0,0.0,,,,,,,,,
BE,7059.718,4447.92346,2611.79454,0.0,5863.63,934.0,911.4,5334.48,97.2814937301915,92.491650239135,106.690953431373,0.0,93.4443027888446,93.4,86.8,95.6,1782.402,0.0,83.9567593028733,0.0,0.369957346738213,0.0,0.0,0.0,3226.39778818603,0.0,0.0,0.0,792.304094280755,3024.0,3728.0,4946.75268817204,3494.35324919991,113.819211358478,23.4261982363236,0.0,0.0,0.0,4.77518513056356,2.9316,42.9097568,3.6372,26.522592,12.7499648,2.93967092967033,6.21103848483784,14.0037891571376,16.6219726199455,9.92834057910185,7.86268462028025,6.66832563158974,31.9544508770897,53.4785978589687,3.9268117914481,0.0,0.0,0.0,0.0,0.0,3.08523859535633,0.0,6.18427577333333,70.0,0.0,8.00571382947223,0.0,0.0,0.0,0.0,0.0,0.0495347721025339,0.0560476429359695,0.0,0.0,0.0,0.0,0.91068,0.0733002,39.272556800000004,,,,,,,,,
FI,3721.872,2015.622,1706.25,0.0,1003.3848,0.0,0.0,0.0,93.28,76.7856,125.0,0.0,84.46,0.0,0.0,0.0,10022.936,0.0,93.28,0.0,0.458438656675995,0.0,0.0,0.0,3004.69572238608,0.0,0.0,0.0,877.766597205693,0.0,0.0,0.0,5834.94983713355,0.0,11.1830928776685,0.0,0.0,0.0,0.880737661583915,0.0,10.241843,0.0,0.0,0.0,2.6894676,58.4833287808,3.86178536,0.0,3.982396,50.7643661913169,6.800094,6.87946687514604,29.6978479135224,8.355654,0.0,0.0,0.0,0.0,0.0,1.67649560935467,0.0,1.41678828166667,8.21054413833333,0.0,6.58209052389378,0.0,0.0,0.0,0.0,0.0,0.0495347721025339,0.0560476429359695,0.0,0.0,0.0,0.0,0.0,0.0,0.0,,,,,,,,,
CZ,4903.1577936,4489.8777936,413.28,0.0,3241.3999678,0.0,0.0,0.0,93.28,91.1509098915234,125.0,0.0,84.46,0.0,0.0,0.0,629.4692976,0.0,93.28,0.0,0.0842885375909066,0.0,0.0,0.0,4219.90512069764,0.0,0.0,0.0,877.766597205693,0.0,0.0,0.0,9606.62698183359,0.0,20.6908606808012,0.0,0.0,0.0,2.84519261991845,0.0,9.6965195,0.0,0.0,0.0,0.7631196,6.04707673856,5.76199392,0.0,12.690574,6.35171024347526,0.95816,20.0042782380275,32.5719900977937,3.885188,0.0,0.0,0.0,0.0,0.0,3.73446033408518,0.0,1.34135186416667,7.77337646583333,0.0,4.72652121034661,0.0,0.0,0.0,0.0,0.0,0.0495347721025339,0.0560476429359695,0.0,0.0,0.0,0.0,0.0,0.0,0.0,,,,,,,,,
DK,0.0,0.0,0.0,0.0,2573.4962,0.0,0.0,0.0,0.0,0.0,0.0,0.0,84.46,0.0,0.0,0.0,155.7776,0.0,93.28,0.0,0.0,0.0,0.0,0.0,0.0,0.0,0.0,0.0,877.766597205693,0.0,0.0,0.0,4124.72659131737,0.0,0.0,0.0,0.0,0.0,2.25892900239578,0.0,2.7314505,0.0,0.0,0.0,0.0,0.6425400090516,5.6453688,0.0,0.697508,3.9423132672201,2.876394,4.4455764752769,8.73808318359306,0.533716,0.0,0.0,0.0,0.0,0.0,0.0,0.0,0.3778506525,2.1897128175,0.0,1.31256242813251,0.0,0.0,0.0,0.0,0.0,0.0495347721025339,0.0560476429359695,0.0,0.0,0.0,0.0,0.0,0.0,0.0,,,,,,,,,
PT,1893.584,0.0,1893.584,0.0,4732.23754964,0.0,0.0,0.0,93.28,0.0,93.28,0.0,84.46,0.0,0.0,0.0,1958.60016,0.0,93.28,0.0,1.0,0.0,0.0,0.0,952.282019704433,0.0,0.0,0.0,1009.43323323699,0.0,0.0,0.0,6907.32142687051,0.0,1.803225996,0.0,0.0,0.0,4.77687785017861,2.5203591,4.234245,0.0,0.0,0.0,0.517082,13.52868085184,4.5274992,0.0,0.072326,2.80680311740744,3.72621,10.4376950275973,20.5566222530138,7.86654,0.0,0.0,0.0,0.0,0.0,0.0,0.0,0.585737225,3.394453075,0.0,2.81051007104062,0.0,0.0,0.0,0.0,0.0,0.0495347721025339,0.0560476429359695,0.0,0.0,0.0,0.0,0.0,0.0,0.0,,,,,,,,,
RO,3192.9744,1695.4744,1497.5,0.0,7057.4776,0.0,0.0,0.0,93.28,76.2010966292135,125.0,0.0,84.46,0.0,0.0,0.0,441.2144,0.0,93.28,0.0,0.468998436066384,0.0,0.0,0.0,4213.77108461932,0.0,0.0,0.0,877.766597205693,0.0,0.0,0.0,3056.441647463,0.0,13.4544632006497,0.0,0.0,0.0,6.1948180978074,0.0,12.967297,0.0,0.0,0.0,3.16478,1.3485460676204,5.57525792,0.0,2.80467,5.59372721447038,8.666302,14.9997406181576,23.9645632957385,1.625334,0.0,0.0,0.0,0.0,0.0,1.41021252366428,0.0,1.79380941833333,10.3954497616667,0.0,3.56392458520033,0.0,0.0,0.0,0.0,0.0,0.0495347721025339,0.0560476429359695,0.0,0.0,0.0,0.0,0.0,0.0,0.0,,,,,,,,,
AT,7170.4336,6336.6836,833.75,0.0,3895.134726,440.981632,0.0,0.0,,,,0.0,,,0.0,0.0,4630.904256,0.0,93.28,0.0,0.116276092424871,0.0,0.0,0.0,4252.83136000581,,,0.0,,,0.0,0.0,3369.50184822903,0.0,30.4946448789193,0.0,0.0,0.0,3.21050748006485,0.0,10.3554185,0.0,0.0,0.0,2.1913468,15.6038404495637,5.4331688,0.0,11.48481,19.002445882795,1.971014,24.0150002088835,38.0345923168694,1.702184,0.0,0.0,0.0,0.0,0.0,5.27054290599614,0.0,1.43249955916667,8.30159383083333,0.0,5.94726028980717,0.0,0.0,0.0,0.0,0.0,0.0495347721025339,0.0560476429359695,0.0,0.0,0.0,0.0,0.0,0.0,0.0,93.28,90.2661481481482,125.0,84.46,83.2,0.0,0.0,824.23528476043,0.0
BG,506.5104,0.0,506.5104,0.0,1785.82418258,458.35712,0.0,0.0,93.28,0.0,93.28,0.0,84.46,83.2,0.0,0.0,327.8250976,0.0,93.28,0.0,1.0,0.0,0.0,0.0,1689.30847145488,0.0,0.0,0.0,877.766597205693,0.0,0.0,0.0,7364.65647247626,0.0,0.8556523096,0.0,0.0,0.0,1.56753681595089,0.0,9.0748525,0.0,0.0,0.0,1.416594,2.41431922688,2.4279924,0.0,1.324256,3.9366000314513,2.69033,6.70376862839886,12.0316552327789,0.690432,0.0,0.0,0.0,0.0,0.0,0.0,0.0,1.25535459583333,7.27500675416667,0.0,1.69232216570217,0.0,0.0,0.0,0.0,0.0,0.0495347721025339,0.0560476429359695,0.0,0.0,0.0,0.0,0.0,0.0,0.0,,,,,,,,,
EE,0.223872,0.0,0.223872,0.0,329.394,54.08,0.0,0.0,93.28,0.0,93.28,0.0,84.46,83.2,0.0,0.0,61.0984,0.0,93.28,0.0,1.0,0.0,0.0,0.0,3219.83333333333,0.0,0.0,0.0,1214.90053589744,0.0,0.0,0.0,9701.20916030534,0.0,0.000720830528,0.0,0.0,0.0,0.4001809471214,0.0,0.4382815,0.0,0.0,0.0,0.0139232,0.59272835776,0.63600584,0.0,0.382742,0.897869717588057,0.42978,0.91348225918983,2.40076769863151,0.225678,0.0,0.0,0.0,0.0,0.0,0.0,0.0,0.0606289408333333,0.351355669166667,0.0,0.324550490099144,0.0,0.0,0.0,0.0,0.0,0.0495347721025339,0.0560476429359695,0.0,0.0,0.0,0.0,0.0,0.0,0.0,,,,,,,,,
GR,848.848,0.0,848.848,0.0,6392.7774,129.792,0.0,0.0,93.28,0.0,93.28,0.0,84.46,83.2,0.0,0.0,692.88216096,0.0,93.28,0.0,1.0,0.0,0.0,0.0,1091.22527472527,0.0,0.0,0.0,877.766597205693,0.0,0.0,0.0,1276.20893534745,0.0,0.926284392,0.0,0.0,0.0,5.61136646509146,0.0,2.31268,0.0,0.0,0.0,8.8318888,0.88426240496,5.16163768,0.0,1.316774,2.63287435501175,5.799594,4.61455635730104,17.2892140232505,0.006728,0.0,0.0,0.0,0.0,0.0,0.0,0.0,0.319920733333333,1.85399846666667,0.0,1.95705880925006,0.0,0.0,0.0,0.0,0.0,0.0495347721025339,0.0560476429359695,0.0,0.0,0.0,0.0,0.0,0.0,0.0,,,,,,,,,
LV,0.0,0.0,0.0,0.0,929.06,0.0,0.0,0.0,0.0,0.0,0.0,0.0,84.46,0.0,0.0,0.0,41.976,0.0,93.28,0.0,0.0,0.0,0.0,0.0,0.0,0.0,0.0,0.0,877.766597205693,0.0,0.0,0.0,1292.28,0.0,0.0,0.0,0.0,0.0,0.815497834799921,0.0,0.2465725,0.0,0.0,0.0,0.0157552,0.05424474528,0.75721448,0.0,0.48517,4.99895190378018,0.333384,0.456055798944441,1.10665348321908,0.535398,0.0,0.0,0.0,0.0,0.0,0.0,0.0,0.0341091958333333,0.197668954166667,0.0,0.48930661326502,0.0,0.0,0.0,0.0,0.0,0.0495347721025339,0.0560476429359695,0.0,0.0,0.0,0.0,0.0,0.0,0.0,,,,,,,,,
HU,1562.44,1352.44,210.0,0.0,1478.05,0.0,0.0,0.0,93.28,89.7438619774386,125.0,0.0,84.46,0.0,0.0,0.0,716.3904,0.0,93.28,0.0,0.134405161158188,0.0,0.0,0.0,3862.59157252412,0.0,0.0,0.0,877.766597205693,0.0,0.0,0.0,2858.3738125,0.0,6.03506757657459,0.0,0.0,0.0,1.29738291899987,0.0,11.4032845,0.0,0.0,0.0,1.199044,2.0477115588864,5.78126168,0.0,1.909935,2.53372702054872,4.58432,11.5380820131419,20.2421214464627,2.32667,0.0,0.0,0.0,0.0,0.0,1.12489331924122,0.0,1.57745435583333,9.14163307416667,0.0,2.66639735329027,0.0,0.0,0.0,0.0,0.0,0.0495347721025339,0.0560476429359695,0.0,0.0,0.0,0.0,0.0,0.0,0.0,,,,,,,,,
IE,0.0,0.0,0.0,0.0,2516.908,0.0,0.0,0.0,0.0,0.0,0.0,0.0,84.46,0.0,0.0,0.0,30.9254030675876,0.0,93.28,0.0,0.0,0.0,0.0,0.0,0.0,0.0,0.0,0.0,877.766597205693,0.0,0.0,0.0,3641.37239211444,0.0,0.0,0.0,0.0,0.0,2.20925777063979,0.0,2.3508965,0.0,0.0,0.0,4.8261292,0.112610908945325,4.47631656,0.0,0.53476,2.50663983727156,2.573982,6.08288650780901,8.82668033002643,0.0,0.0,0.0,0.0,0.0,0.0,0.0,0.0,0.325207349166667,1.88463536083333,0.0,1.26875744023078,0.0,0.0,0.0,0.0,0.0,0.0495347721025339,0.0560476429359695,0.0,0.0,0.0,0.0,0.0,0.0,0.0,,,,,,,,,
SK,4255.4336,3850.5561,404.8775,0.0,2927.04576,0.0,0.0,0.0,93.28,90.8557588805167,125.0,0.0,84.46,0.0,0.0,0.0,757.6332192,0.0,93.28,0.0,0.095143653516295,0.0,0.0,0.0,4532.65911476562,0.0,0.0,0.0,877.766597205693,0.0,0.0,0.0,6917.58674438018,0.0,19.2884298943199,0.0,0.0,0.0,2.56926299662055,0.0,3.482982,0.0,0.0,0.0,2.7274816,5.24099351424,1.30935888,0.0,6.844058,7.27634701656045,1.948858,10.7873419538774,15.5357343353549,0.562368,0.0,0.0,0.0,0.0,0.0,3.2027038776238,0.0,0.48181251,2.79219057,0.0,2.65526142597655,0.0,0.0,0.0,0.0,0.0,0.0495347721025339,0.0560476429359695,0.0,0.0,0.0,0.0,0.0,0.0,0.0,,,,,,,,,
LT,0.0,0.0,0.0,0.0,827.340599,0.0,0.0,0.0,0.0,0.0,0.0,0.0,84.46,0.0,0.0,0.0,119.5495136,0.0,93.28,0.0,0.0,0.0,0.0,0.0,0.0,0.0,0.0,0.0,877.766597205693,0.0,0.0,0.0,2440.58691343768,0.0,0.0,0.0,0.0,0.0,0.72621194231435,0.0,3.7327765,0.0,0.0,0.0,0.0,0.2917709784,1.82551416,0.0,0.726334,1.33423965455198,0.284606,2.17051815589635,4.01422343360125,1.493848,0.0,0.0,0.0,0.0,0.0,0.0,0.0,0.516367415833333,2.99244249416667,0.0,0.619623074768936,0.0,0.0,0.0,0.0,0.0,0.0495347721025339,0.0560476429359695,0.0,0.0,0.0,0.0,0.0,0.0,0.0,,,,,,,,,
HR,113.3352,0.0,113.3352,0.0,2089.79378,249.4336,0.0,0.0,93.28,0.0,93.28,0.0,84.46,83.2,0.0,0.0,178.44464,0.0,93.28,0.0,1.0,0.0,0.0,0.0,1603.2695473251,0.0,0.0,0.0,915.805937166067,1606.55096731154,0.0,0.0,3230.52741204914,0.0,0.1817068748,0.0,0.0,0.0,1.91384555117672,0.4481662,1.454375,0.0,0.0,0.0,0.0774936,0.57647030105324,1.93577328,0.0,0.57043,0.643155958483254,1.71709,2.81595454770777,4.26205060083893,0.453386,0.0,0.0,0.0,0.0,0.0,0.0,0.0,0.201188541666667,1.16592395833333,0.0,0.646716622406794,0.0,0.0,0.0,0.0,0.0,0.0495347721025339,0.0560476429359695,0.0,0.0,0.0,0.0,0.0,0.0,0.0,,,,,,,,,
LU,1984.0656,0.0,1984.0656,0.0,838.569556,0.0,0.0,0.0,93.28,0.0,93.28,0.0,84.46,0.0,0.0,0.0,12.7883695247462,0.0,93.28,0.0,1.0,0.0,0.0,0.0,1293.25834508698,0.0,0.0,0.0,877.766597205693,0.0,0.0,0.0,3641.37239211444,0.0,2.5659093944,0.0,0.0,0.0,0.736068345690409,0.0,0.520353,0.0,0.0,0.0,0.0,0.0465672157275685,0.20727696,0.0,0.29,0.407568507969921,0.144536,1.5706977919104,3.76144266062231,0.003596,0.0,0.0,0.0,0.0,0.0,0.0,0.0,0.071982165,0.417149655,0.0,0.381885568011504,0.0,0.0,0.0,0.0,0.0,0.0495347721025339,0.0560476429359695,0.0,0.0,0.0,0.0,0.0,0.0,0.0,,,,,,,,,
SI,589.4521776,0.0,589.4521776,0.0,506.76,66.1251968,0.0,0.0,93.28,0.0,93.28,0.0,84.46,83.2,0.0,0.0,672.87528,0.0,93.28,0.0,1.0,0.0,0.0,0.0,1830.4232130169,0.0,0.0,0.0,877.766597205693,0.0,0.0,0.0,2614.46676370694,0.0,1.0789469488424,0.0,0.0,0.0,0.444817000799957,0.0,1.6631785,0.0,0.0,0.0,1.682692,1.75921005568,0.66138496,0.0,0.268424,1.55963475676728,0.686372,3.13156123389441,6.33375261604091,0.345622,0.0,0.0,0.0,0.0,0.0,0.0,0.0,0.230073025833333,1.33331476416667,0.0,0.761897183440555,0.0,0.0,0.0,0.0,0.0,0.0495347721025339,0.0560476429359695,0.0,0.0,0.0,0.0,0.0,0.0,0.0,,,,,,,,,
CH,1208.9088,0.0,1208.9088,0.0,3564.212,116.12224,0.0,0.0,93.28,0.0,93.28,0.0,84.46,83.2,0.0,0.0,1324.576,0.0,93.28,0.0,1.0,0.0,0.0,0.0,1371.53086419753,0.0,0.0,0.0,876.388881990521,0.0,0.0,0.0,2552.70802816901,0.0,1.6580557312,0.0,0.0,0.0,3.1236357698572,0.0,6.7061455,0.0,0.0,0.0,0.8036984,3.38125578912,4.28058328,0.0,0.559758,4.98709046527219,1.34212,6.961744355977,16.383242648928,0.930726,0.0,0.0,0.0,0.0,0.0,0.0,0.0,0.927683460833333,5.37609330916667,0.0,1.92645653412352,0.0,0.0,0.0,0.0,0.0,0.0495347721025339,0.0560476429359695,0.0,0.0,0.0,0.0,0.0,0.0,0.0,,,,,,,,,
NO,550.352,0.0,550.352,0.0,1520.28,0.0,0.0,0.0,93.28,0.0,93.28,0.0,84.46,0.0,0.0,0.0,913.2112,0.0,93.28,0.0,1.0,0.0,0.0,0.0,11346.9915254237,0.0,0.0,0.0,877.766597205693,0.0,0.0,0.0,3890.85383835546,0.0,6.24483948,0.0,0.0,0.0,1.33445100239987,0.0,15.2286935,0.0,0.0,0.0,19.0379608,3.5531713027492,3.69508104,0.0,4.351856,5.10252605789433,6.21499,2.75129014962638,41.8755423417691,0.338082,0.0,0.0,0.0,0.0,0.0,0.0,0.0,2.10663593416667,12.2083359558333,0.0,3.74813128209178,0.0,0.0,0.0,0.0,0.0,0.0495347721025339,0.0560476429359695,0.0,0.0,0.0,0.0,0.0,0.0,0.0,,,,,,,,,
